--
-- PostgreSQL database dump
--

\restrict ve1O93A5fLNky5eBrMtgVFCE4bNbGrj7QJL4fwN2iGK5LUjqqXRM8HphBFuXriY

-- Dumped from database version 15.14
-- Dumped by pg_dump version 15.14

SET statement_timeout = 0;
SET lock_timeout = 0;
SET idle_in_transaction_session_timeout = 0;
SET client_encoding = 'UTF8';
SET standard_conforming_strings = on;
SELECT pg_catalog.set_config('search_path', '', false);
SET check_function_bodies = false;
SET xmloption = content;
SET client_min_messages = warning;
SET row_security = off;

--
-- Name: uuid-ossp; Type: EXTENSION; Schema: -; Owner: -
--

CREATE EXTENSION IF NOT EXISTS "uuid-ossp" WITH SCHEMA public;


--
-- Name: EXTENSION "uuid-ossp"; Type: COMMENT; Schema: -; Owner: 
--

COMMENT ON EXTENSION "uuid-ossp" IS 'generate universally unique identifiers (UUIDs)';


SET default_tablespace = '';

SET default_table_access_method = heap;

--
-- Name: auth_group; Type: TABLE; Schema: public; Owner: library_user
--

CREATE TABLE public.auth_group (
    id integer NOT NULL,
    name character varying(150) NOT NULL
);


ALTER TABLE public.auth_group OWNER TO library_user;

--
-- Name: auth_group_id_seq; Type: SEQUENCE; Schema: public; Owner: library_user
--

ALTER TABLE public.auth_group ALTER COLUMN id ADD GENERATED BY DEFAULT AS IDENTITY (
    SEQUENCE NAME public.auth_group_id_seq
    START WITH 1
    INCREMENT BY 1
    NO MINVALUE
    NO MAXVALUE
    CACHE 1
);


--
-- Name: auth_group_permissions; Type: TABLE; Schema: public; Owner: library_user
--

CREATE TABLE public.auth_group_permissions (
    id bigint NOT NULL,
    group_id integer NOT NULL,
    permission_id integer NOT NULL
);


ALTER TABLE public.auth_group_permissions OWNER TO library_user;

--
-- Name: auth_group_permissions_id_seq; Type: SEQUENCE; Schema: public; Owner: library_user
--

ALTER TABLE public.auth_group_permissions ALTER COLUMN id ADD GENERATED BY DEFAULT AS IDENTITY (
    SEQUENCE NAME public.auth_group_permissions_id_seq
    START WITH 1
    INCREMENT BY 1
    NO MINVALUE
    NO MAXVALUE
    CACHE 1
);


--
-- Name: auth_permission; Type: TABLE; Schema: public; Owner: library_user
--

CREATE TABLE public.auth_permission (
    id integer NOT NULL,
    name character varying(255) NOT NULL,
    content_type_id integer NOT NULL,
    codename character varying(100) NOT NULL
);


ALTER TABLE public.auth_permission OWNER TO library_user;

--
-- Name: auth_permission_id_seq; Type: SEQUENCE; Schema: public; Owner: library_user
--

ALTER TABLE public.auth_permission ALTER COLUMN id ADD GENERATED BY DEFAULT AS IDENTITY (
    SEQUENCE NAME public.auth_permission_id_seq
    START WITH 1
    INCREMENT BY 1
    NO MINVALUE
    NO MAXVALUE
    CACHE 1
);


--
-- Name: auth_user; Type: TABLE; Schema: public; Owner: library_user
--

CREATE TABLE public.auth_user (
    id integer NOT NULL,
    password character varying(128) NOT NULL,
    last_login timestamp with time zone,
    is_superuser boolean NOT NULL,
    username character varying(150) NOT NULL,
    first_name character varying(150) NOT NULL,
    last_name character varying(150) NOT NULL,
    email character varying(254) NOT NULL,
    is_staff boolean NOT NULL,
    is_active boolean NOT NULL,
    date_joined timestamp with time zone NOT NULL
);


ALTER TABLE public.auth_user OWNER TO library_user;

--
-- Name: auth_user_groups; Type: TABLE; Schema: public; Owner: library_user
--

CREATE TABLE public.auth_user_groups (
    id bigint NOT NULL,
    user_id integer NOT NULL,
    group_id integer NOT NULL
);


ALTER TABLE public.auth_user_groups OWNER TO library_user;

--
-- Name: auth_user_groups_id_seq; Type: SEQUENCE; Schema: public; Owner: library_user
--

ALTER TABLE public.auth_user_groups ALTER COLUMN id ADD GENERATED BY DEFAULT AS IDENTITY (
    SEQUENCE NAME public.auth_user_groups_id_seq
    START WITH 1
    INCREMENT BY 1
    NO MINVALUE
    NO MAXVALUE
    CACHE 1
);


--
-- Name: auth_user_id_seq; Type: SEQUENCE; Schema: public; Owner: library_user
--

ALTER TABLE public.auth_user ALTER COLUMN id ADD GENERATED BY DEFAULT AS IDENTITY (
    SEQUENCE NAME public.auth_user_id_seq
    START WITH 1
    INCREMENT BY 1
    NO MINVALUE
    NO MAXVALUE
    CACHE 1
);


--
-- Name: auth_user_user_permissions; Type: TABLE; Schema: public; Owner: library_user
--

CREATE TABLE public.auth_user_user_permissions (
    id bigint NOT NULL,
    user_id integer NOT NULL,
    permission_id integer NOT NULL
);


ALTER TABLE public.auth_user_user_permissions OWNER TO library_user;

--
-- Name: auth_user_user_permissions_id_seq; Type: SEQUENCE; Schema: public; Owner: library_user
--

ALTER TABLE public.auth_user_user_permissions ALTER COLUMN id ADD GENERATED BY DEFAULT AS IDENTITY (
    SEQUENCE NAME public.auth_user_user_permissions_id_seq
    START WITH 1
    INCREMENT BY 1
    NO MINVALUE
    NO MAXVALUE
    CACHE 1
);


--
-- Name: django_admin_log; Type: TABLE; Schema: public; Owner: library_user
--

CREATE TABLE public.django_admin_log (
    id integer NOT NULL,
    action_time timestamp with time zone NOT NULL,
    object_id text,
    object_repr character varying(200) NOT NULL,
    action_flag smallint NOT NULL,
    change_message text NOT NULL,
    content_type_id integer,
    user_id integer NOT NULL,
    CONSTRAINT django_admin_log_action_flag_check CHECK ((action_flag >= 0))
);


ALTER TABLE public.django_admin_log OWNER TO library_user;

--
-- Name: django_admin_log_id_seq; Type: SEQUENCE; Schema: public; Owner: library_user
--

ALTER TABLE public.django_admin_log ALTER COLUMN id ADD GENERATED BY DEFAULT AS IDENTITY (
    SEQUENCE NAME public.django_admin_log_id_seq
    START WITH 1
    INCREMENT BY 1
    NO MINVALUE
    NO MAXVALUE
    CACHE 1
);


--
-- Name: django_content_type; Type: TABLE; Schema: public; Owner: library_user
--

CREATE TABLE public.django_content_type (
    id integer NOT NULL,
    app_label character varying(100) NOT NULL,
    model character varying(100) NOT NULL
);


ALTER TABLE public.django_content_type OWNER TO library_user;

--
-- Name: django_content_type_id_seq; Type: SEQUENCE; Schema: public; Owner: library_user
--

ALTER TABLE public.django_content_type ALTER COLUMN id ADD GENERATED BY DEFAULT AS IDENTITY (
    SEQUENCE NAME public.django_content_type_id_seq
    START WITH 1
    INCREMENT BY 1
    NO MINVALUE
    NO MAXVALUE
    CACHE 1
);


--
-- Name: django_migrations; Type: TABLE; Schema: public; Owner: library_user
--

CREATE TABLE public.django_migrations (
    id bigint NOT NULL,
    app character varying(255) NOT NULL,
    name character varying(255) NOT NULL,
    applied timestamp with time zone NOT NULL
);


ALTER TABLE public.django_migrations OWNER TO library_user;

--
-- Name: django_migrations_id_seq; Type: SEQUENCE; Schema: public; Owner: library_user
--

ALTER TABLE public.django_migrations ALTER COLUMN id ADD GENERATED BY DEFAULT AS IDENTITY (
    SEQUENCE NAME public.django_migrations_id_seq
    START WITH 1
    INCREMENT BY 1
    NO MINVALUE
    NO MAXVALUE
    CACHE 1
);


--
-- Name: django_session; Type: TABLE; Schema: public; Owner: library_user
--

CREATE TABLE public.django_session (
    session_key character varying(40) NOT NULL,
    session_data text NOT NULL,
    expire_date timestamp with time zone NOT NULL
);


ALTER TABLE public.django_session OWNER TO library_user;

--
-- Name: library_author; Type: TABLE; Schema: public; Owner: library_user
--

CREATE TABLE public.library_author (
    id bigint NOT NULL,
    name character varying(200) NOT NULL,
    birth_year integer,
    nationality character varying(100) NOT NULL,
    biography text NOT NULL
);


ALTER TABLE public.library_author OWNER TO library_user;

--
-- Name: library_author_id_seq; Type: SEQUENCE; Schema: public; Owner: library_user
--

ALTER TABLE public.library_author ALTER COLUMN id ADD GENERATED BY DEFAULT AS IDENTITY (
    SEQUENCE NAME public.library_author_id_seq
    START WITH 1
    INCREMENT BY 1
    NO MINVALUE
    NO MAXVALUE
    CACHE 1
);


--
-- Name: library_book; Type: TABLE; Schema: public; Owner: library_user
--

CREATE TABLE public.library_book (
    id bigint NOT NULL,
    title character varying(200) NOT NULL,
    publication_year integer,
    isbn character varying(20) NOT NULL,
    description text NOT NULL,
    cover_image character varying(100),
    file character varying(100),
    author_id bigint NOT NULL,
    genre_id bigint NOT NULL
);


ALTER TABLE public.library_book OWNER TO library_user;

--
-- Name: library_book_id_seq; Type: SEQUENCE; Schema: public; Owner: library_user
--

ALTER TABLE public.library_book ALTER COLUMN id ADD GENERATED BY DEFAULT AS IDENTITY (
    SEQUENCE NAME public.library_book_id_seq
    START WITH 1
    INCREMENT BY 1
    NO MINVALUE
    NO MAXVALUE
    CACHE 1
);


--
-- Name: library_genre; Type: TABLE; Schema: public; Owner: library_user
--

CREATE TABLE public.library_genre (
    id bigint NOT NULL,
    name character varying(100) NOT NULL,
    description text NOT NULL
);


ALTER TABLE public.library_genre OWNER TO library_user;

--
-- Name: library_genre_id_seq; Type: SEQUENCE; Schema: public; Owner: library_user
--

ALTER TABLE public.library_genre ALTER COLUMN id ADD GENERATED BY DEFAULT AS IDENTITY (
    SEQUENCE NAME public.library_genre_id_seq
    START WITH 1
    INCREMENT BY 1
    NO MINVALUE
    NO MAXVALUE
    CACHE 1
);


--
-- Name: library_review; Type: TABLE; Schema: public; Owner: library_user
--

CREATE TABLE public.library_review (
    id bigint NOT NULL,
    rating integer NOT NULL,
    comment text NOT NULL,
    created_at timestamp with time zone NOT NULL,
    book_id bigint NOT NULL,
    user_id integer NOT NULL,
    CONSTRAINT library_review_rating_check CHECK ((rating >= 0))
);


ALTER TABLE public.library_review OWNER TO library_user;

--
-- Name: library_review_id_seq; Type: SEQUENCE; Schema: public; Owner: library_user
--

ALTER TABLE public.library_review ALTER COLUMN id ADD GENERATED BY DEFAULT AS IDENTITY (
    SEQUENCE NAME public.library_review_id_seq
    START WITH 1
    INCREMENT BY 1
    NO MINVALUE
    NO MAXVALUE
    CACHE 1
);


--
-- Name: library_sitesetting; Type: TABLE; Schema: public; Owner: library_user
--

CREATE TABLE public.library_sitesetting (
    id bigint NOT NULL,
    key character varying(100) NOT NULL,
    value character varying(500) NOT NULL
);


ALTER TABLE public.library_sitesetting OWNER TO library_user;

--
-- Name: library_sitesetting_id_seq; Type: SEQUENCE; Schema: public; Owner: library_user
--

ALTER TABLE public.library_sitesetting ALTER COLUMN id ADD GENERATED BY DEFAULT AS IDENTITY (
    SEQUENCE NAME public.library_sitesetting_id_seq
    START WITH 1
    INCREMENT BY 1
    NO MINVALUE
    NO MAXVALUE
    CACHE 1
);


--
-- Data for Name: auth_group; Type: TABLE DATA; Schema: public; Owner: library_user
--

COPY public.auth_group (id, name) FROM stdin;
\.


--
-- Data for Name: auth_group_permissions; Type: TABLE DATA; Schema: public; Owner: library_user
--

COPY public.auth_group_permissions (id, group_id, permission_id) FROM stdin;
\.


--
-- Data for Name: auth_permission; Type: TABLE DATA; Schema: public; Owner: library_user
--

COPY public.auth_permission (id, name, content_type_id, codename) FROM stdin;
1	Can add log entry	1	add_logentry
2	Can change log entry	1	change_logentry
3	Can delete log entry	1	delete_logentry
4	Can view log entry	1	view_logentry
5	Can add permission	2	add_permission
6	Can change permission	2	change_permission
7	Can delete permission	2	delete_permission
8	Can view permission	2	view_permission
9	Can add group	3	add_group
10	Can change group	3	change_group
11	Can delete group	3	delete_group
12	Can view group	3	view_group
13	Can add user	4	add_user
14	Can change user	4	change_user
15	Can delete user	4	delete_user
16	Can view user	4	view_user
17	Can add content type	5	add_contenttype
18	Can change content type	5	change_contenttype
19	Can delete content type	5	delete_contenttype
20	Can view content type	5	view_contenttype
21	Can add session	6	add_session
22	Can change session	6	change_session
23	Can delete session	6	delete_session
24	Can view session	6	view_session
25	Can add Автор	7	add_author
26	Can change Автор	7	change_author
27	Can delete Автор	7	delete_author
28	Can view Автор	7	view_author
29	Can add Жанр	8	add_genre
30	Can change Жанр	8	change_genre
31	Can delete Жанр	8	delete_genre
32	Can view Жанр	8	view_genre
33	Can add site setting	9	add_sitesetting
34	Can change site setting	9	change_sitesetting
35	Can delete site setting	9	delete_sitesetting
36	Can view site setting	9	view_sitesetting
37	Can add Книга	10	add_book
38	Can change Книга	10	change_book
39	Can delete Книга	10	delete_book
40	Can view Книга	10	view_book
41	Can add Отзыв	11	add_review
42	Can change Отзыв	11	change_review
43	Can delete Отзыв	11	delete_review
44	Can view Отзыв	11	view_review
\.


--
-- Data for Name: auth_user; Type: TABLE DATA; Schema: public; Owner: library_user
--

COPY public.auth_user (id, password, last_login, is_superuser, username, first_name, last_name, email, is_staff, is_active, date_joined) FROM stdin;
2	pbkdf2_sha256$1000000$gR0mF5QyAlOrJ4LItz2hlz$h8an7IrSeS7AA+c1Pgh9G+nI7f6aSXxVB/Cc/N6mQ1M=	\N	t	superuser			superuser@example.com	t	t	2025-10-21 16:00:53.377381+03
7		\N	f	Митя			Mitay@yandex.ru	f	t	2025-10-23 15:47:45.747835+03
4	pbkdf2_sha256$1000000$Zbal3nVKOBFK4seVDZKpZ7$dbWs8SRY1Aot468gyuPwZ5PG/NBGJeljkwhY095HElQ=	\N	f	Ирина 			legenda9380@gmail.com	f	t	2025-10-21 21:11:29.310606+03
5	pbkdf2_sha256$1000000$dJcBeskBmIU9f5U7np7Mud$1ctnbFwJsCrujGvBNKZ2VLRCSbw4cEsAnmjFpPvtPss=	2025-10-22 11:57:26.950752+03	f	Ирина			Irina@gmail.com	f	t	2025-10-22 11:08:43.417529+03
3	pbkdf2_sha256$1000000$hv1bIAj8nmqFoGXI3Hob4L$M0ojFs98KpXSDx1GEz44zHPC6UftWNpI6AWVYH/pQAU=	2025-10-22 21:49:35.685651+03	f	Лиза			Лизa93@yandex.ru	f	t	2025-10-21 17:48:14.317993+03
1	pbkdf2_sha256$1000000$G6nEqqyp1LXTZ8Jryg2Lw2$dWvo8RMhHZobQKWjy1e5s4TZowcBq8BhyOtmhjt5K+U=	2025-10-23 15:38:08.571577+03	t	admin			admin@example.com	t	t	2025-10-21 15:40:59.200579+03
\.


--
-- Data for Name: auth_user_groups; Type: TABLE DATA; Schema: public; Owner: library_user
--

COPY public.auth_user_groups (id, user_id, group_id) FROM stdin;
\.


--
-- Data for Name: auth_user_user_permissions; Type: TABLE DATA; Schema: public; Owner: library_user
--

COPY public.auth_user_user_permissions (id, user_id, permission_id) FROM stdin;
\.


--
-- Data for Name: django_admin_log; Type: TABLE DATA; Schema: public; Owner: library_user
--

COPY public.django_admin_log (id, action_time, object_id, object_repr, action_flag, change_message, content_type_id, user_id) FROM stdin;
1	2025-10-21 18:20:16.203276+03	1	Иван Андреевич Крылов	1	[{"added": {}}]	7	1
2	2025-10-21 18:21:46.106232+03	1	басня, пьеса, поэзия, проза	1	[{"added": {}}]	8	1
3	2025-10-21 18:24:23.477549+03	1	Басни	1	[{"added": {}}]	10	1
4	2025-10-21 18:32:18.846485+03	2	Николай Васильевич Гоголь	1	[{"added": {}}]	7	1
5	2025-10-21 18:32:46.880089+03	2	Николай Васильевич Гоголь	2	[{"changed": {"fields": ["\\u0411\\u0438\\u043e\\u0433\\u0440\\u0430\\u0444\\u0438\\u044f"]}}]	7	1
6	2025-10-21 18:34:35.656441+03	2	Николай Васильевич Гоголь	2	[{"changed": {"fields": ["\\u0413\\u043e\\u0434 \\u0440\\u043e\\u0436\\u0434\\u0435\\u043d\\u0438\\u044f", "\\u041d\\u0430\\u0446\\u0438\\u043e\\u043d\\u0430\\u043b\\u044c\\u043d\\u043e\\u0441\\u0442\\u044c"]}}]	7	1
7	2025-10-21 18:34:48.379046+03	2	Николай Васильевич Гоголь	2	[{"changed": {"fields": ["\\u0413\\u043e\\u0434 \\u0440\\u043e\\u0436\\u0434\\u0435\\u043d\\u0438\\u044f"]}}]	7	1
8	2025-10-21 18:35:27.561158+03	2	драма, проза	1	[{"added": {}}]	8	1
9	2025-10-21 18:35:43.055174+03	2	Вечера на хуторе близ Диканьки	1	[{"added": {}}]	10	1
10	2025-10-21 18:36:45.568674+03	1	Иван Андреевич Крылов	2	[{"changed": {"fields": ["\\u0413\\u043e\\u0434 \\u0440\\u043e\\u0436\\u0434\\u0435\\u043d\\u0438\\u044f"]}}]	7	1
11	2025-10-21 18:37:11.68775+03	1	Иван Андреевич Крылов	2	[{"changed": {"fields": ["\\u041d\\u0430\\u0446\\u0438\\u043e\\u043d\\u0430\\u043b\\u044c\\u043d\\u043e\\u0441\\u0442\\u044c"]}}]	7	1
12	2025-10-21 18:37:22.077513+03	1	Басни	2	[]	10	1
13	2025-10-21 18:40:34.272764+03	3	Лев Николаевич Толстой	1	[{"added": {}}]	7	1
14	2025-10-21 18:41:18.521484+03	3	Лев Николаевич Толстой	2	[{"changed": {"fields": ["\\u0411\\u0438\\u043e\\u0433\\u0440\\u0430\\u0444\\u0438\\u044f"]}}]	7	1
15	2025-10-21 18:42:41.910421+03	3	повесть	1	[{"added": {}}]	8	1
16	2025-10-21 18:43:29.321629+03	3	повесть	2	[{"changed": {"fields": ["\\u041e\\u043f\\u0438\\u0441\\u0430\\u043d\\u0438\\u0435"]}}]	8	1
17	2025-10-21 18:43:34.758159+03	3	Детство	1	[{"added": {}}]	10	1
18	2025-10-21 19:27:07.845327+03	4	Лев Николаевич Толстой	1	[{"added": {}}]	7	1
19	2025-10-21 19:27:31.475317+03	4	Лев Николаевич Толстой	2	[{"changed": {"fields": ["\\u0413\\u043e\\u0434 \\u0440\\u043e\\u0436\\u0434\\u0435\\u043d\\u0438\\u044f", "\\u041d\\u0430\\u0446\\u0438\\u043e\\u043d\\u0430\\u043b\\u044c\\u043d\\u043e\\u0441\\u0442\\u044c"]}}]	7	1
20	2025-10-21 19:28:38.463697+03	4	повесть	1	[{"added": {}}]	8	1
21	2025-10-21 19:30:23.378973+03	4	Лев Николаевич Толстой	2	[{"changed": {"fields": ["\\u0411\\u0438\\u043e\\u0433\\u0440\\u0430\\u0444\\u0438\\u044f"]}}]	7	1
22	2025-10-21 19:30:58.11224+03	4	Казаки	1	[{"added": {}}]	10	1
23	2025-10-21 19:33:19.828978+03	5	Антон Павлович Чехов	1	[{"added": {}}]	7	1
24	2025-10-21 19:33:41.138097+03	5	Антон Павлович Чехов	2	[{"changed": {"fields": ["\\u0411\\u0438\\u043e\\u0433\\u0440\\u0430\\u0444\\u0438\\u044f"]}}]	7	1
25	2025-10-21 19:34:07.586971+03	5	рассказ	1	[{"added": {}}]	8	1
26	2025-10-21 19:35:33.751102+03	5	рассказ	2	[{"changed": {"fields": ["\\u041e\\u043f\\u0438\\u0441\\u0430\\u043d\\u0438\\u0435"]}}]	8	1
27	2025-10-21 19:37:23.439096+03	5	Каштанка	1	[{"added": {}}]	10	1
28	2025-10-21 19:40:49.201565+03	6	Пётр Павлович Ершов	1	[{"added": {}}]	7	1
29	2025-10-21 19:41:18.940103+03	6	Пётр Павлович Ершов	2	[{"changed": {"fields": ["\\u0413\\u043e\\u0434 \\u0440\\u043e\\u0436\\u0434\\u0435\\u043d\\u0438\\u044f", "\\u041d\\u0430\\u0446\\u0438\\u043e\\u043d\\u0430\\u043b\\u044c\\u043d\\u043e\\u0441\\u0442\\u044c"]}}]	7	1
30	2025-10-21 19:41:55.778464+03	6	Пётр Павлович Ершов	2	[{"changed": {"fields": ["\\u0411\\u0438\\u043e\\u0433\\u0440\\u0430\\u0444\\u0438\\u044f"]}}]	7	1
31	2025-10-21 19:44:07.97094+03	6	русская литературная сказка в стихах	1	[{"added": {}}]	8	1
32	2025-10-21 19:45:10.713648+03	6	русская литературная сказка в стихах	2	[{"changed": {"fields": ["\\u041e\\u043f\\u0438\\u0441\\u0430\\u043d\\u0438\\u0435"]}}]	8	1
33	2025-10-21 19:47:09.1964+03	6	Конёк - горбунок	1	[{"added": {}}]	10	1
34	2025-10-21 20:10:34.881943+03	7	Александр Сергеевич Пушкин	1	[{"added": {}}]	7	1
35	2025-10-21 20:10:55.486443+03	7	Александр Сергеевич Пушкин	2	[{"changed": {"fields": ["\\u0411\\u0438\\u043e\\u0433\\u0440\\u0430\\u0444\\u0438\\u044f"]}}]	7	1
36	2025-10-21 20:12:29.555796+03	7	Александр Сергеевич Пушкин	2	[{"changed": {"fields": ["\\u0413\\u043e\\u0434 \\u0440\\u043e\\u0436\\u0434\\u0435\\u043d\\u0438\\u044f", "\\u041d\\u0430\\u0446\\u0438\\u043e\\u043d\\u0430\\u043b\\u044c\\u043d\\u043e\\u0441\\u0442\\u044c"]}}]	7	1
37	2025-10-21 20:13:11.41655+03	7	поэма	1	[{"added": {}}]	8	1
38	2025-10-21 20:13:53.326335+03	7	поэма	2	[{"changed": {"fields": ["\\u041e\\u043f\\u0438\\u0441\\u0430\\u043d\\u0438\\u0435"]}}]	8	1
39	2025-10-21 20:14:22.831531+03	7	Руслан и Людмила	1	[{"added": {}}]	10	1
40	2025-10-21 20:14:56.23135+03	8	Александр Сергеевич Пушкин	1	[{"added": {}}]	7	1
41	2025-10-21 20:15:22.572345+03	8	Александр Сергеевич Пушкин	2	[{"changed": {"fields": ["\\u0413\\u043e\\u0434 \\u0440\\u043e\\u0436\\u0434\\u0435\\u043d\\u0438\\u044f", "\\u041d\\u0430\\u0446\\u0438\\u043e\\u043d\\u0430\\u043b\\u044c\\u043d\\u043e\\u0441\\u0442\\u044c", "\\u0411\\u0438\\u043e\\u0433\\u0440\\u0430\\u0444\\u0438\\u044f"]}}]	7	1
42	2025-10-21 20:16:20.645766+03	8	сказка	1	[{"added": {}}]	8	1
43	2025-10-21 20:17:02.079489+03	8	сказка	2	[{"changed": {"fields": ["\\u041e\\u043f\\u0438\\u0441\\u0430\\u043d\\u0438\\u0435"]}}]	8	1
44	2025-10-21 20:17:36.888698+03	8	сказка	2	[{"changed": {"fields": ["\\u041e\\u043f\\u0438\\u0441\\u0430\\u043d\\u0438\\u0435"]}}]	8	1
45	2025-10-21 20:19:03.933042+03	8	Сказка о рыбаке и рыбке	1	[{"added": {}}]	10	1
46	2025-10-21 20:19:41.392916+03	9	Александр Сергеевич Пушкин	1	[{"added": {}}]	7	1
47	2025-10-21 20:19:57.716599+03	9	Александр Сергеевич Пушкин	2	[{"changed": {"fields": ["\\u0413\\u043e\\u0434 \\u0440\\u043e\\u0436\\u0434\\u0435\\u043d\\u0438\\u044f"]}}]	7	1
48	2025-10-21 20:20:43.556505+03	9	сказка в стихах	1	[{"added": {}}]	8	1
49	2025-10-21 20:21:07.628995+03	9	сказка в стихах	2	[{"changed": {"fields": ["\\u041e\\u043f\\u0438\\u0441\\u0430\\u043d\\u0438\\u0435"]}}]	8	1
50	2025-10-21 20:22:39.557607+03	9	Сказка о царе Салтане	1	[{"added": {}}]	10	1
51	2025-10-21 20:24:23.420215+03	10	Александр Николаевич Островский	1	[{"added": {}}]	7	1
52	2025-10-21 20:24:40.663299+03	10	Александр Николаевич Островский	2	[{"changed": {"fields": ["\\u041d\\u0430\\u0446\\u0438\\u043e\\u043d\\u0430\\u043b\\u044c\\u043d\\u043e\\u0441\\u0442\\u044c", "\\u0411\\u0438\\u043e\\u0433\\u0440\\u0430\\u0444\\u0438\\u044f"]}}]	7	1
53	2025-10-21 20:26:11.211911+03	10	Александр Николаевич Островский	2	[{"changed": {"fields": ["\\u0413\\u043e\\u0434 \\u0440\\u043e\\u0436\\u0434\\u0435\\u043d\\u0438\\u044f"]}}]	7	1
54	2025-10-21 20:26:55.146596+03	10	пьеса-сказка	1	[{"added": {}}]	8	1
55	2025-10-21 20:27:21.516981+03	10	пьеса-сказка	2	[{"changed": {"fields": ["\\u041e\\u043f\\u0438\\u0441\\u0430\\u043d\\u0438\\u0435"]}}]	8	1
56	2025-10-21 20:28:22.055221+03	10	Снегурочка	1	[{"added": {}}]	10	1
57	2025-10-21 20:31:19.759387+03	11	Mary Wollstonecraft (Godwin) Shelley	1	[{"added": {}}]	7	1
58	2025-10-21 20:31:33.871624+03	11	Mary Wollstonecraft (Godwin) Shelley	2	[{"changed": {"fields": ["\\u0413\\u043e\\u0434 \\u0440\\u043e\\u0436\\u0434\\u0435\\u043d\\u0438\\u044f"]}}]	7	1
59	2025-10-21 20:32:12.937699+03	11	Mary Wollstonecraft (Godwin) Shelley	2	[{"changed": {"fields": ["\\u041d\\u0430\\u0446\\u0438\\u043e\\u043d\\u0430\\u043b\\u044c\\u043d\\u043e\\u0441\\u0442\\u044c"]}}]	7	1
60	2025-10-21 20:32:48.561361+03	11	Mary Wollstonecraft (Godwin) Shelley	2	[{"changed": {"fields": ["\\u0411\\u0438\\u043e\\u0433\\u0440\\u0430\\u0444\\u0438\\u044f"]}}]	7	1
61	2025-10-21 20:34:56.179973+03	11	роман	1	[{"added": {}}]	8	1
62	2025-10-21 20:35:39.387946+03	11	Frankenstein;  or, the Modern Prometheus	1	[{"added": {}}]	10	1
63	2025-10-21 20:38:39.962981+03	12	Jane Austen	1	[{"added": {}}]	7	1
64	2025-10-21 20:40:25.145508+03	12	роман	1	[{"added": {}}]	8	1
65	2025-10-21 20:41:09.746348+03	12	Jane Austen	2	[{"changed": {"fields": ["\\u041d\\u0430\\u0446\\u0438\\u043e\\u043d\\u0430\\u043b\\u044c\\u043d\\u043e\\u0441\\u0442\\u044c"]}}]	7	1
66	2025-10-21 20:41:22.239779+03	12	Jane Austen	2	[{"changed": {"fields": ["\\u0413\\u043e\\u0434 \\u0440\\u043e\\u0436\\u0434\\u0435\\u043d\\u0438\\u044f"]}}]	7	1
67	2025-10-21 20:41:45.989822+03	12	Jane Austen	2	[{"changed": {"fields": ["\\u0411\\u0438\\u043e\\u0433\\u0440\\u0430\\u0444\\u0438\\u044f"]}}]	7	1
68	2025-10-21 20:42:20.662829+03	12	Pride and Prejudice	1	[{"added": {}}]	10	1
69	2025-10-21 20:44:16.972258+03	13	Arthur Conan Doyle	1	[{"added": {}}]	7	1
70	2025-10-21 20:45:24.845367+03	13	Arthur Conan Doyle	2	[{"changed": {"fields": ["\\u041d\\u0430\\u0446\\u0438\\u043e\\u043d\\u0430\\u043b\\u044c\\u043d\\u043e\\u0441\\u0442\\u044c"]}}]	7	1
71	2025-10-21 20:45:55.248124+03	13	Arthur Conan Doyle	2	[{"changed": {"fields": ["\\u0411\\u0438\\u043e\\u0433\\u0440\\u0430\\u0444\\u0438\\u044f"]}}]	7	1
72	2025-10-21 20:48:07.737624+03	13	детективные рассказы	1	[{"added": {}}]	8	1
73	2025-10-21 20:48:51.333769+03	13	детективные рассказы	2	[{"changed": {"fields": ["\\u041e\\u043f\\u0438\\u0441\\u0430\\u043d\\u0438\\u0435"]}}]	8	1
74	2025-10-21 20:49:41.570913+03	13	The Adventures of Sherlock Holmes	1	[{"added": {}}]	10	1
75	2025-10-21 20:51:38.905024+03	14	сказка	1	[{"added": {}}]	8	1
76	2025-10-21 20:52:17.527521+03	14	Lewis Carrol	1	[{"added": {}}]	7	1
77	2025-10-21 20:52:46.652711+03	14	Lewis Carrol	2	[{"changed": {"fields": ["\\u041d\\u0430\\u0446\\u0438\\u043e\\u043d\\u0430\\u043b\\u044c\\u043d\\u043e\\u0441\\u0442\\u044c"]}}]	7	1
78	2025-10-21 20:53:37.008262+03	14	Lewis Carrol	2	[{"changed": {"fields": ["\\u0411\\u0438\\u043e\\u0433\\u0440\\u0430\\u0444\\u0438\\u044f"]}}]	7	1
79	2025-10-21 20:54:31.856854+03	14	Alice’s Adventures in Wonderland	1	[{"added": {}}]	10	1
80	2025-10-21 20:56:08.537669+03	15	роман	1	[{"added": {}}]	8	1
81	2025-10-21 20:56:34.191648+03	15	Herman Melville	1	[{"added": {}}]	7	1
82	2025-10-21 20:56:55.039909+03	15	Herman Melville	2	[{"changed": {"fields": ["\\u041d\\u0430\\u0446\\u0438\\u043e\\u043d\\u0430\\u043b\\u044c\\u043d\\u043e\\u0441\\u0442\\u044c"]}}]	7	1
83	2025-10-21 20:59:47.856319+03	15	Herman Melville	2	[{"changed": {"fields": ["\\u0411\\u0438\\u043e\\u0433\\u0440\\u0430\\u0444\\u0438\\u044f"]}}]	7	1
84	2025-10-21 21:00:51.120514+03	15	Moby-Dick, or The Whale	1	[{"added": {}}]	10	1
85	2025-10-22 14:03:11.199269+03	3	Детство	2	[{"changed": {"fields": ["\\u0413\\u043e\\u0434 \\u0438\\u0437\\u0434\\u0430\\u043d\\u0438\\u044f", "\\u041e\\u0431\\u043b\\u043e\\u0436\\u043a\\u0430", "\\u0424\\u0430\\u0439\\u043b \\u043a\\u043d\\u0438\\u0433\\u0438"]}}]	10	1
86	2025-10-22 14:03:53.80302+03	6	testuser	3		4	1
\.


--
-- Data for Name: django_content_type; Type: TABLE DATA; Schema: public; Owner: library_user
--

COPY public.django_content_type (id, app_label, model) FROM stdin;
1	admin	logentry
2	auth	permission
3	auth	group
4	auth	user
5	contenttypes	contenttype
6	sessions	session
7	library	author
8	library	genre
9	library	sitesetting
10	library	book
11	library	review
\.


--
-- Data for Name: django_migrations; Type: TABLE DATA; Schema: public; Owner: library_user
--

COPY public.django_migrations (id, app, name, applied) FROM stdin;
1	contenttypes	0001_initial	2025-10-21 15:39:33.256565+03
2	auth	0001_initial	2025-10-21 15:39:33.687833+03
3	admin	0001_initial	2025-10-21 15:39:33.859364+03
4	admin	0002_logentry_remove_auto_add	2025-10-21 15:39:33.884889+03
5	admin	0003_logentry_add_action_flag_choices	2025-10-21 15:39:33.920225+03
6	contenttypes	0002_remove_content_type_name	2025-10-21 15:39:33.983136+03
7	auth	0002_alter_permission_name_max_length	2025-10-21 15:39:34.016164+03
8	auth	0003_alter_user_email_max_length	2025-10-21 15:39:34.085316+03
9	auth	0004_alter_user_username_opts	2025-10-21 15:39:34.150843+03
10	auth	0005_alter_user_last_login_null	2025-10-21 15:39:34.175113+03
11	auth	0006_require_contenttypes_0002	2025-10-21 15:39:34.212205+03
12	auth	0007_alter_validators_add_error_messages	2025-10-21 15:39:34.233373+03
13	auth	0008_alter_user_username_max_length	2025-10-21 15:39:34.293176+03
14	auth	0009_alter_user_last_name_max_length	2025-10-21 15:39:34.319095+03
15	auth	0010_alter_group_name_max_length	2025-10-21 15:39:34.349193+03
16	auth	0011_update_proxy_permissions	2025-10-21 15:39:34.368761+03
17	auth	0012_alter_user_first_name_max_length	2025-10-21 15:39:34.4071+03
18	library	0001_initial	2025-10-21 15:39:34.809794+03
19	sessions	0001_initial	2025-10-21 15:39:34.887483+03
\.


--
-- Data for Name: django_session; Type: TABLE DATA; Schema: public; Owner: library_user
--

COPY public.django_session (session_key, session_data, expire_date) FROM stdin;
h5upa2qbmbwshkdywxeya6ux8g76kc3p	.eJxVjDsOwyAQRO9CHSHMZ4GU6X0GxMISnERYMnYV5e6xJRdJNdK8N_NmIW5rDVunJUyZXdnALr8dxvSkdoD8iO0-8zS3dZmQHwo_aefjnOl1O92_gxp73ddWEznUfs9UbCZtLCJGn7MQ4NxQSAF4gKiKkF5KZSQaI6EocCKBYJ8v7eI3Vw:1vBVHY:9wLr5c4VlvCXathqBv6G2JasSL9a_IZFY3u0SbD4xoc	2025-11-05 12:37:24.508455+03
\.


--
-- Data for Name: library_author; Type: TABLE DATA; Schema: public; Owner: library_user
--

COPY public.library_author (id, name, birth_year, nationality, biography) FROM stdin;
7	Александр Сергеевич Пушкин	1799	русский писатель	Русский поэт, драматург и прозаик первой половины XIX века. Получил репутацию величайшего национального русского поэта еще при жизни. Считается основоположником современного русского языка. Псевдонимы: Александр НКШП, Иван Петрович Белкин, Феофилакт Косичкин (журнальный), P., Ст. Арз. (Старый Арзамасец), А. Б..
2	Николай Васильевич Гоголь	1809	русский	Имя при рождении: Николай Васильевич Яновский. Русский писатель первой половины XIX века. Прозаик, драматург, поэт, критик, публицист. Один из классиков русской литературы. Стал основателем литературного направления, названного «Натуральной школой». Своим творчеством оказал влияние на многих русских и зарубежных писателей. Псевдонимы: В. Алов, П. Глечик, Н. Г., ОООО, Г. Янов, N. N..
8	Александр Сергеевич Пушкин	1799	русский писатель	Русский поэт, драматург и прозаик первой половины XIX века. Получил репутацию величайшего национального русского поэта еще при жизни. Считается основоположником современного русского языка. Псевдонимы: Александр НКШП, Иван Петрович Белкин, Феофилакт Косичкин (журнальный), P., Ст. Арз. (Старый Арзамасец), А. Б..
1	Иван Андреевич Крылов	1769	русский писатель	Русский писатель конца XVIII — первой половины XIX века. Поэт, баснописец, публицист, драматург. Получил известность прежде всего как автор 236 басен. Псевдонимы: Нави Волырк.
3	Лев Николаевич Толстой	1828	русский писатель	Писатель, ещё при жизни признанный главой русской литературы. Творчество Льва Толстого ознаменовало новый этап в русском и мировом реализме, выступив мостом между классическим романом XIX века и литературой XX века. Лев Толстой оказал сильное влияние на эволюцию европейского гуманизма, а также на развитие реалистических традиций в мировой литературе. Произведения Льва Толстого многократно экранизировались и инсценировались; его пьесы ставились на сценах всего мира
4	Лев Николаевич Толстой	1828	русский писатель	Русский писатель, мыслитель XIX века. Получил мировое признание как один из величайших писателей-романистов. Оказал большое влияние на развитие реалистических традиций в мировой литературе. Также получил известность как религиозный мыслитель, вдохновитель религиозно-нравственного течения, названного «толстовством».
5	Антон Павлович Чехов	1860	русский писатель	Русский писатель конца XIX—начала XX в. Получил мировое признание как автор рассказов, а также драматургических произведений. Оказал огромное влияние на развитие мировой драматургии. Его пьесы до сих пор ставятся в театрах разных стран. Псевдонимы: Антоша Чехонте, Брат моего брата, Человек без селезенки и др..
9	Александр Сергеевич Пушкин	1799	русский писатель	Русский поэт, драматург и прозаик первой половины XIX века. Получил репутацию величайшего национального русского поэта еще при жизни. Считается основоположником современного русского языка. Псевдонимы: Александр НКШП, Иван Петрович Белкин, Феофилакт Косичкин (журнальный), P., Ст. Арз. (Старый Арзамасец), А. Б..
6	Пётр Павлович Ершов	1815	русский писатель	русский поэт, прозаик, драматург, автор сказки в стихах «Конёк-Горбунок», ставшей классикой русской литературы.
10	Александр Николаевич Островский	1823	русский писатель	Русский писатель середины XIX века, драматург, автор множества пьес. Внес значительнейший вклад в развитие русского национального театра.
11	Mary Wollstonecraft (Godwin) Shelley	1797	английская писательница	Мэри Шелли – всемирно известная английская писательница, редактор и драматург, автор готических романов, эссе, путевых заметок и биографий.
12	Jane Austen	1775	английская писательница	распространён также вариант Джейн О́стен (англ. Jane Austen, /dʒeɪn ˈɒstɪn/[3], 16 декабря 1775 — 18 июля 1817) — английская писательница, провозвестница реализма в британской литературе, сатирик, писала так называемые романы нравов. Её книги являются признанными шедеврами[4], которые сочетают в себе простоту сюжета, глубокое психологическое проникновение в души героев и ироничный, мягкий, истинно английский юмор.
13	Arthur Conan Doyle	1859	английский писатель	(по образованию врач) ирландского происхождения, автор многочисленных приключенческих, исторических, публицистических, фантастических и юмористических произведений.\r\n\r\nСоздатель классических персонажей детективной, научно-фантастической и историко-приключенческой литературы: гениального сыщика Шерлока Холмса, эксцентричного профессора Челленджера, бравого кавалерийского офицера Жерара, благородного рыцаря сэра Найджела. Со второй половины 1910-х годов и до конца жизни — активный сторонник и пропагандист идей спиритуализма.
14	Lewis Carrol	1832	английский писатель	настоящее имя Чарльз Лютвидж До́джсон, или Чарльз Латуидж До́джсон, Charles Lutwidge Dodgson; 27 января 1832 — 14 января 1898) — английский писатель, математик, логик, философ, диакон и фотограф.
15	Herman Melville	1819	американский писатель	«Моби Дик» не был оценён большинством современников. После разгромной критики вышедшего спустя год романа «Пьер, или Двусмысленности» (Pierre, or The Ambiguities, 1852), — где изображён молодой американский аристократ, оказавшийся заложником буквально понятых представлений о чести и благородстве, — Мелвилл стал публиковаться анонимно, печатая рассказы в журналах. Многие из них вошли в сборник «Рассказы на веранде» (The Piazza Tales, 1856). За год до этого вышел исторический роман «Израэль Поттер. Пятьдесят лет его изгнания» (Israel Potter: His Fifty Years of Exile, 1855) о забытом герое американской войны за независимость.
16	Алексей Николаевич Толстой	\N		
\.


--
-- Data for Name: library_book; Type: TABLE DATA; Schema: public; Owner: library_user
--

COPY public.library_book (id, title, publication_year, isbn, description, cover_image, file, author_id, genre_id) FROM stdin;
5	Каштанка	1958		В своих произведениях Антон Чехов высмеивал жестоких, несправедливых, эгоистичных людей. Простых же людей из народа Чехов изображал с большой любовью и сочувствием.\r\nОбразы детей, созданные писателем, запоминаются на всю жизнь. Смешной, на первый взгляд, рассказ о деревенском мальчике Ваньке Жукове, отданном в город на ученье к сапожнику, заставляет переживать за его дальнейшую судьбу.\r\nС добротой и любовью рассказывает Чехов и о животных - верной Каштанке, не прельстившейся сытой жизнью и вернувшейся к прежним хозяевам, и маленьком беспечном щенке Белолобом, повстречавшемся с волчьей семьей.\r\nДля младшего школьного возраста.	covers/Каштанка_bFglFlI.jpg	books/Каштанка__Чехов__LBjNrnp.txt	5	5
11	Frankenstein;  or, the Modern Prometheus	2017		Виктор Франкенштейн добивается тайны зарождения жизни и оживляет созданное им существо, но при виде его отвратительной внешности испытывает ужас и отворачивается от него. Монстр, брошенный своим создателем, чувствует себя отвергнутым и одиноким. В одиночестве он начинает учиться и наблюдать за человеческим обществом. Чувствуя себя изгоем, монстр начинает мстить Виктору, разрушая его жизнь и нанося вред его близким.  Это приводит к финальной конфронтации между создателем и его творением, где оба персонажа теряют все, что им было дорого.	covers/Frankenstein_1pMj7YS.jpg	books/84_l9S7CsE.txt	11	11
13	The Adventures of Sherlock Holmes	2021	978-5-91181-591-2	Лучший способ учить иностранный язык – это читать художественное произведение, постепенно овладевая лексикой и грамматикой.\r\nСовершенствуйте свой английский язык по уникальной методике вместе со знаменитейшим сыщиком в мире! «Приключения Шерлока Холмса» — это серия детективных рассказов британского писателя Артура Конан Дойла. Каждый из рассказов представляет собой отдельное дело, расследуемое легендарным сыщиком Шерлоком Холмсом и его верным другом доктором Ватсоном. В книгу включены рассказы «Пёстрая лента», «Голубой карбункул» и «Союз рыжих», известные своими захватывающими сюжетами, интригующими персонажами и уникальным стилем письма. Они считаются классикой жанра детективной литературы и до сих пор остаются популярными среди читателей всех возрастов.	covers/The_Adventures_of_Sherlock_Holmes_Arthur_Conan_Doyle_uod5Q2Z.jpg	books/1661_ZdWlvGw.txt	13	13
12	Pride and Prejudice	2016		самый популярный женский роман в мире, провозглашенный интернет-пользователями Великобритании одной из лучших книг всех времен и народов.\r\nМистер Дарси - главный герой романа- стал для многих читательниц эталоном мужчины, благородный аристократ, который закрывает глаза на сословные предрассудки и женится по любви на женщине, стоящей гораздо ниже его по положению. На Элизабет Беннет, гордой, неприступной девушке, умной, начитанной и глубоко чувствующей.\r\nНесколько экранизаций, два сериала и армия поклонников по всему миру навеки вписали роман "Гордость и предубеждение" в летопись лучших историй о любви, побеждающей любые преграды.	covers/Pride_and_Prejudice_YfGjqVS.jpg	books/1342_5uVLhtw.txt	12	12
1	Басни	2021		В этот сборник вошли 22 басни Ивана Андреевича Крылова, самые известные и любимые, давным-давно разошедшиеся на пословицы и поговорки.\r\nЗнакомые герои басен предстают в этой книге в виде помещиков и светских щеголей, дворовых и крестьян - обитателей живописных усадеб, деревень и городов XIX века	covers/Басни_9bsAINF.jpg	books/Басни__Крылов_H6z4OXh.txt	1	1
2	Вечера на хуторе близ Диканьки	2024		Цикл повестей "Вечера на хуторе близ Диканьки" - литературный шедевр Н.В. Гоголя. "Кому неизвестны его "Вечера на хуторе близ Диканьки"? - писал известный критик XIX века В. Белинский. - Сколько в них остроумия, веселости, поэзии и народности!" В этот сборник вошли три повести из цикла: "Вечер накануне Ивана Купала", "Майская ночь, или Утопленница" и "Ночь перед Рождеством". Все они наполнены неповторимой гоголевской поэтичностью и фантазией, их мистические сюжеты и безупречный стиль по прежнему привлекают читателей, стремящихся приобщиться к лучшим образцам русской классической литературы.\r\nДля среднего школьного возраста.	covers/Вечера_на_хуторе_близ_Диканьки_hlKDa3x.jpg	books/Вечера_на_хуторе_близ_Диканьки__Гоголь__TwUZGOr.txt	2	2
3	Детство	2021		"Счастливая, счастливая, невозвратимая пора детства! Как не любить, не лелеять воспоминаний о ней? Воспоминания эти освежают, возвышают мою душу и служат для\r\nменя источником лучших наслаждений".\r\n"Вернутся ли когда-нибудь та свежесть, беззаботность, потребность любви и сила веры, которыми обладаешь в детстве? Какое время может быть лучше того, когда\r\nдве лучшие добродетели - невинная веселость и беспредельная потребность любви - были единственными побуждениями в жизни?" - Лев Толстой\r\nПовесть "Детство" Л.Н. Толстого входит в программу по литературе для 7 класса	covers/Детство_l4Lnp6z.jpg	books/Детство_Толстой.txt	3	3
16	Золотой ключик, или приключения Буратино	2018		Знаменитая сказка Алексея Николаевича Толстого о похождениях деревянного человечка давно стала классикой детской литературы. Захватывающие приключения и яркие персонажи знакомы не одному поколению читателей, а крылатые фразы из книги прочно вошли в обиход.\r\nВ новом издании серии "Открой книгу!" сказочная повесть выходит с иллюстрациями известного художника Анатолия Елисеева - одного из лучших иллюстраторов "Золотого ключика".\r\nДля детей 4-7 лет.	covers/2000-0_vdgfYVl.webp	books/Золотой-ключик_-или-Приключения-Буратино_jS5Qogq.txt	16	16
4	Казаки	2020		В повести "Казаки" нашли отражение впечатления Толстого от его трехлетней службы на Кавказе. В 1851 году он отправился туда к старшему брату Николаю, офицеру действующей армии, и почти три года прожил в казацкой станице на берегу Терека. "Казаки" - по праву называют главным произведением Л. Н. Толстого 1850-х годов, над которым он работал, с перерывами, 10 лет (1853-1863). Главный герой повести, Дмитрий Оленин, близок автору и по духовному опыту, и по нравственным устремлениям. Как и Толстой, он оказывается на Кавказе в попытке начать новую жизнь, "в которой уже не будет больше ошибок, не будет раскаяния, а наверное будет одно счастье". Но вместо воображаемых по пути на Кавказ картин в духе русской романтической литературы герою повести предстояло увидеть настоящую жизнь и ощутить себя чужим в нетронутом цивилизацией мире.	covers/Казаки_b4g0ybo.jpg	books/Казаки_Толстой.txt	4	4
6	Конёк - горбунок	2020		Сказка "Конёк-горбунок", написанная в первой половине XIX века, до сих пор остаётся одной из любимых у маленьких читателей. С неё начинается знакомство ребёнка с миром литературы. А герои сказки: конёк "с двумя горбами да с аршинными ушами", Царь-девица, Чудо-юдо Рыба-кит и Жар-птица - становятся частью ярких детских воспоминаний.\r\nСтихотворный слог и крылатые выражения, приключения и лёгкий юмор сказки до сих пор увлекают детей и взрослых.\r\nДля детей школьного возраста.	covers/Конёк-Горбунок_hlzx35P.jpg	books/Конёк-горбунок_Ершов.txt	6	6
7	Руслан и Людмила	2018		Великий русский поэт, драматург, прозаик Александр Сергеевич Пушкин подарил миру множество замечательных литературных произведений, одним из которых является поэма "Руслан и Людмила". Каждый должен познакомиться с этой волшебной сказкой ещё в детстве. Яркие, красочные иллюстрации сделают чтение более увлекательным.	covers/Руслан_и_Людмила_o0OGI8I.jpg	books/Руслан_и_Людмила_Пушкин_TArbaeh.txt	7	7
8	Сказка о рыбаке и рыбке	2021		Уже в дошкольном возрасте стоит прочитать малышам сказки великого поэта, познакомить их с чудесным миром, который он создал в своих произведениях и без которого мы уже не мыслим свою жизнь, своё духовное развитие. В этой серии маленькие читатели прочитают "Сказку о золотом петушке", "Сказку о попе и о работнике его Балде" и "Сказку о рыбаке и рыбке".\r\nНесомненно, эти бессмертные творения доставят малышам много радостных минут.\r\nДля дошкольного и младшего школьного возраста.	covers/Сказка_о_рыбаке_и_рыбке_ME8HoP5.jpg	books/Сказка_о_рыбаке_и_рыбке__Пушкин__vLS4zdV.txt	8	8
9	Сказка о царе Салтане	2023		"Сказка о царе Салтане…" Пушкина - одно из первых произведений большой литературы, с которым знакомится ребенок. Ее сюжет и ритмическая организация позволяют начать ознакомление с этой сказкой с первого года жизни. А потому особенно важно, чтобы сказка сопровождалась красочными рисунками. Традиция иллюстрирования сказок Пушкина, пожалуй, одна из самых богатых, долгих и разнообразных в русской книжной истории. Каждый иллюстратор привносит в книгу свое видение, актуальное для его эпохи прочтение текста. Это и отличает настоящих мастеров. Он не подделывается под текст, а, стилизуя, находит тот образный язык, который, вбирает в себя и традицию иллюстрирования до него.	covers/Сказка_о_царе_Салтане_TG8dGMO.jpg	books/Сказка_о_царе_Салтане__Пушкин__OXn7N2H.txt	9	9
10	Снегурочка	2024		Готов ли ты отдать жизнь за миг настоящей любви?\r\nКогда Весна и Мороз влюбляются, у них рождается Снегурочка – девушка чистой красоты с ледяным сердцем. Многие оказывают ей знаки внимания, но она не имеет счастья ответить взаимностью.\r\nВ стране берендеев уже долгие годы не бывает теплого лета, поэтому царь решает задобрить бога Солнца и сосватать как можно больше юношей и девушек. Снегурочка, осознав, что без любви она не может жить полноценно, умоляет свою мать помочь. Даже если это может стоить ей жизни.\r\nИстории Александра Островского отличаются своим повседневным трагизмом, так знакомым нам всем. В книгу входят пьесы: "Снегурочка" и "Свои люди – сочтемся".	covers/Снегурочка_Gt5MoPD.jpg	books/Снегурочка_Островский.txt	10	10
14	Alice’s Adventures in Wonderland	2014		История о приключениях девочки Алисы, оказавшейся в погоне за белым кроликом в странной и непредсказуемой Стране чудес, давно стала классикой мировой художественной литературы.\r\nМир, в который попадает Алиса, - это мир игры в нонсенс, где все понимается буквально, где метафора лишается своего переносного значения, где между омофонами нет никакой смысловой границы, где парадокс оказывается результатом безупречного логического построения. Алиса, находящаяся на полпути от детского восприятия мира, удерживаемого лишь причудливой логикой, удивляется странности открывающейся перед ней Страны чудес и одновременно учится принимать ее такой, какая она есть.	covers/Alices_Adventures_in_Wonderland_dQ6mvLI.jpg	books/11_9E5Wmx1.txt	14	14
15	Moby-Dick, or The Whale	2002		В его основу легли личные впечатления от работы автора на китобойном судне, а также услышанные им реальные истории. Однако нельзя назвать «Моби Дика» полностью автобиографическим произведением. Основной сюжетной линией романа является история рассказчика Измаила, попавшего на «Пекод» - судно капитана Ахава, одержимого поимкой белого кашалота по имени Моби Дик. Причина такой ненависти капитана кроется в том, что в одном из прошлых плаваний он потерял ногу по вине белого кита. Воспользуйтесь возможностью насладиться этой увлекательной историей на языке оригинала.	covers/Moby_Dic_Herman_Melville_k8RWQLb.jpg	books/2701_4t1NOmU.txt	15	15
\.


--
-- Data for Name: library_genre; Type: TABLE DATA; Schema: public; Owner: library_user
--

COPY public.library_genre (id, name, description) FROM stdin;
1	басня, пьеса, поэзия, проза	
2	драма, проза	
3	повесть	Книга рассказывает о детстве главного героя, Николеньки Иртеньева, его первых переживаниях, включая первую влюбленность, чувство несправедливости и обиды.
4	повесть	«Казаки» – повесть русского писателя, публициста, просветителя и религиозного мыслителя Льва Николаевича Толстого (1828-1910). Написана в 1862 году. Впервые опубликована в 1863 году в журнале «Русский вестник». В основе рассказа воспоминания Толстого о службе на Кавказе в 50-е годы: молодой юнкер около полугода провел в окрестностях Пятигорска, ожидая документы, а затем служил в артиллерийской батарее, расквартированной на берегу Терека станице Старогладовской.
5	рассказ	«Молодая рыжая собака — помесь таксы с дворняжкой — очень похожая мордой на лисицу» по кличке Каштанка потеряла своего хозяина, столяра Луку Александрыча. Она пытается найти его след, но безуспешно. Глубоким вечером, выбившись из сил, Каштанка засыпает у дверей подъезда, где её случайно находит таинственный незнакомец, впоследствии оказавшийся клоуном. Он ласкает животное и решает выдрессировать его для цирка. Каштанка получает новую кличку Тётка. Собака оказывается в незнакомой обстановке и встречается с другими животными — гусём Иваном Иванычем, котом Фёдором Тимофеевичем и свиньёй Хавроньей Ивановной.
6	русская литературная сказка в стихах	Образ Конька-горбунка является обработкой ряда сказочных сюжетов, некоторые из которых, вероятно, были услышаны в Сибири. П. П. Ершов использовал в произведении множество народных сказочных сюжетов («Сказка об Иване-дураке», «Сивка-Бурка», «Жар-птица», «Василиса-царевна» и др.).
7	поэма	События поэмы предваряются вступлением, в котором описан волшебный край — Лукоморье. Там, от учёного кота, автор якобы и услышал эту сказку.
8	сказка	По широко распространённой версии, сюжет сказки основан[2] на померанской сказке «О рыбаке и его жене». Более древняя версия сюжета — индийская сказка «Золотая рыба», с местным национальным колоритом, здесь Золотая рыба — могущественный златоликий подводный дух Джала Камани
9	сказка в стихах	«Сказка о царе Салта́не, о сыне его славном и могучем богатыре князе Гвидо́не Салта́новиче и о прекрасной царевне Лебеди» (укороченный вариант названия — «Сказка о царе Салтане») — сказка в стихах Александра Пушкина, написанная в 1831 году и впервые изданная в следующем году в собрании стихотворений.\r\n\r\nСказка посвящена истории женитьбы царя Салтана и рождению его сына, князя Гвидона, который из-за козней тёток попадает на необитаемый остров, встречает там волшебницу — царевну Лебедь, с её помощью становится могущественным владыкой и воссоединяется с отцом.
10	пьеса-сказка	пьеса-сказка в четырёх действиях с прологом Александра Островского. Окончена драматургом 31 марта (12 апреля) 1873 года. Напечатана в журнале «Вестник Европы», № 9 (1873 год).\r\n\r\nВ основе сюжета — русская народная сказка, почерпнутая Островским из второго тома «Поэтических воззрений славян на природу» (1867) А. Н. Афанасьева.
11	роман	В книге рассказывается о жизни и трудах учёного Виктора Франкенштейна, которому удалось постичь тайну зарождения жизни и научиться оживлять безжизненную материю. Франкенштейн создает искусственного человека из частей трупов, но позже отрекается от своего детища.
12	роман	Джейн Остин начала работу над романом, когда ей едва исполнился 21 год. Издатели отвергли рукопись, и она пролежала под сукном более пятнадцати лет. Лишь после успеха романа «Разум и чувства», вышедшего в 1811 году, Джейн Остин смогла, наконец, опубликовать и своё первое детище. Перед публикацией она подвергла его тщательной переработке и достигла необычайного сочетания: весёлости, непосредственности, эпиграмматичности, зрелости мысли и мастерства.
13	детективные рассказы	сборник из двенадцати детективных рассказов, созданных Артуром Конаном Дойлом. Сборник составлен и опубликован самим автором.
14	сказка	написанная английским математиком, поэтом и прозаиком Чарльзом Лютвиджем Доджсоном под псевдонимом Льюис Кэрролл и изданная в 1865 году. В ней рассказывается о девочке по имени Алиса, которая попадает сквозь кроличью нору в воображаемый мир, населённый странными антропоморфными существами. Сказка популярна среди детей и взрослых.
15	роман	основная работа Германа Мелвилла, итоговое произведение литературы американского романтизма. Длинный роман с многочисленными лирическими отступлениями, проникнутый библейской образностью и многослойным символизмом, не был понят и принят современниками. Переоткрытие «Моби Дика» произошло в 1920-е годы[1].
16	повесть-сказка	
\.


--
-- Data for Name: library_review; Type: TABLE DATA; Schema: public; Owner: library_user
--

COPY public.library_review (id, rating, comment, created_at, book_id, user_id) FROM stdin;
\.


--
-- Data for Name: library_sitesetting; Type: TABLE DATA; Schema: public; Owner: library_user
--

COPY public.library_sitesetting (id, key, value) FROM stdin;
1	site_name	Онлайн Библиотека
2	site_description	Добро пожаловать в нашу библиотеку
3	max_books_per_user	10
4	enable_registration	true
5	maintenance_mode	false
6	contact_email	admin@library.com
7	books_per_page	20
8	enable_reviews	true
\.


--
-- Name: auth_group_id_seq; Type: SEQUENCE SET; Schema: public; Owner: library_user
--

SELECT pg_catalog.setval('public.auth_group_id_seq', 1, false);


--
-- Name: auth_group_permissions_id_seq; Type: SEQUENCE SET; Schema: public; Owner: library_user
--

SELECT pg_catalog.setval('public.auth_group_permissions_id_seq', 1, false);


--
-- Name: auth_permission_id_seq; Type: SEQUENCE SET; Schema: public; Owner: library_user
--

SELECT pg_catalog.setval('public.auth_permission_id_seq', 44, true);


--
-- Name: auth_user_groups_id_seq; Type: SEQUENCE SET; Schema: public; Owner: library_user
--

SELECT pg_catalog.setval('public.auth_user_groups_id_seq', 1, false);


--
-- Name: auth_user_id_seq; Type: SEQUENCE SET; Schema: public; Owner: library_user
--

SELECT pg_catalog.setval('public.auth_user_id_seq', 7, true);


--
-- Name: auth_user_user_permissions_id_seq; Type: SEQUENCE SET; Schema: public; Owner: library_user
--

SELECT pg_catalog.setval('public.auth_user_user_permissions_id_seq', 1, false);


--
-- Name: django_admin_log_id_seq; Type: SEQUENCE SET; Schema: public; Owner: library_user
--

SELECT pg_catalog.setval('public.django_admin_log_id_seq', 86, true);


--
-- Name: django_content_type_id_seq; Type: SEQUENCE SET; Schema: public; Owner: library_user
--

SELECT pg_catalog.setval('public.django_content_type_id_seq', 11, true);


--
-- Name: django_migrations_id_seq; Type: SEQUENCE SET; Schema: public; Owner: library_user
--

SELECT pg_catalog.setval('public.django_migrations_id_seq', 19, true);


--
-- Name: library_author_id_seq; Type: SEQUENCE SET; Schema: public; Owner: library_user
--

SELECT pg_catalog.setval('public.library_author_id_seq', 16, true);


--
-- Name: library_book_id_seq; Type: SEQUENCE SET; Schema: public; Owner: library_user
--

SELECT pg_catalog.setval('public.library_book_id_seq', 16, true);


--
-- Name: library_genre_id_seq; Type: SEQUENCE SET; Schema: public; Owner: library_user
--

SELECT pg_catalog.setval('public.library_genre_id_seq', 16, true);


--
-- Name: library_review_id_seq; Type: SEQUENCE SET; Schema: public; Owner: library_user
--

SELECT pg_catalog.setval('public.library_review_id_seq', 1, false);


--
-- Name: library_sitesetting_id_seq; Type: SEQUENCE SET; Schema: public; Owner: library_user
--

SELECT pg_catalog.setval('public.library_sitesetting_id_seq', 8, true);


--
-- Name: auth_group auth_group_name_key; Type: CONSTRAINT; Schema: public; Owner: library_user
--

ALTER TABLE ONLY public.auth_group
    ADD CONSTRAINT auth_group_name_key UNIQUE (name);


--
-- Name: auth_group_permissions auth_group_permissions_group_id_permission_id_0cd325b0_uniq; Type: CONSTRAINT; Schema: public; Owner: library_user
--

ALTER TABLE ONLY public.auth_group_permissions
    ADD CONSTRAINT auth_group_permissions_group_id_permission_id_0cd325b0_uniq UNIQUE (group_id, permission_id);


--
-- Name: auth_group_permissions auth_group_permissions_pkey; Type: CONSTRAINT; Schema: public; Owner: library_user
--

ALTER TABLE ONLY public.auth_group_permissions
    ADD CONSTRAINT auth_group_permissions_pkey PRIMARY KEY (id);


--
-- Name: auth_group auth_group_pkey; Type: CONSTRAINT; Schema: public; Owner: library_user
--

ALTER TABLE ONLY public.auth_group
    ADD CONSTRAINT auth_group_pkey PRIMARY KEY (id);


--
-- Name: auth_permission auth_permission_content_type_id_codename_01ab375a_uniq; Type: CONSTRAINT; Schema: public; Owner: library_user
--

ALTER TABLE ONLY public.auth_permission
    ADD CONSTRAINT auth_permission_content_type_id_codename_01ab375a_uniq UNIQUE (content_type_id, codename);


--
-- Name: auth_permission auth_permission_pkey; Type: CONSTRAINT; Schema: public; Owner: library_user
--

ALTER TABLE ONLY public.auth_permission
    ADD CONSTRAINT auth_permission_pkey PRIMARY KEY (id);


--
-- Name: auth_user_groups auth_user_groups_pkey; Type: CONSTRAINT; Schema: public; Owner: library_user
--

ALTER TABLE ONLY public.auth_user_groups
    ADD CONSTRAINT auth_user_groups_pkey PRIMARY KEY (id);


--
-- Name: auth_user_groups auth_user_groups_user_id_group_id_94350c0c_uniq; Type: CONSTRAINT; Schema: public; Owner: library_user
--

ALTER TABLE ONLY public.auth_user_groups
    ADD CONSTRAINT auth_user_groups_user_id_group_id_94350c0c_uniq UNIQUE (user_id, group_id);


--
-- Name: auth_user auth_user_pkey; Type: CONSTRAINT; Schema: public; Owner: library_user
--

ALTER TABLE ONLY public.auth_user
    ADD CONSTRAINT auth_user_pkey PRIMARY KEY (id);


--
-- Name: auth_user_user_permissions auth_user_user_permissions_pkey; Type: CONSTRAINT; Schema: public; Owner: library_user
--

ALTER TABLE ONLY public.auth_user_user_permissions
    ADD CONSTRAINT auth_user_user_permissions_pkey PRIMARY KEY (id);


--
-- Name: auth_user_user_permissions auth_user_user_permissions_user_id_permission_id_14a6b632_uniq; Type: CONSTRAINT; Schema: public; Owner: library_user
--

ALTER TABLE ONLY public.auth_user_user_permissions
    ADD CONSTRAINT auth_user_user_permissions_user_id_permission_id_14a6b632_uniq UNIQUE (user_id, permission_id);


--
-- Name: auth_user auth_user_username_key; Type: CONSTRAINT; Schema: public; Owner: library_user
--

ALTER TABLE ONLY public.auth_user
    ADD CONSTRAINT auth_user_username_key UNIQUE (username);


--
-- Name: django_admin_log django_admin_log_pkey; Type: CONSTRAINT; Schema: public; Owner: library_user
--

ALTER TABLE ONLY public.django_admin_log
    ADD CONSTRAINT django_admin_log_pkey PRIMARY KEY (id);


--
-- Name: django_content_type django_content_type_app_label_model_76bd3d3b_uniq; Type: CONSTRAINT; Schema: public; Owner: library_user
--

ALTER TABLE ONLY public.django_content_type
    ADD CONSTRAINT django_content_type_app_label_model_76bd3d3b_uniq UNIQUE (app_label, model);


--
-- Name: django_content_type django_content_type_pkey; Type: CONSTRAINT; Schema: public; Owner: library_user
--

ALTER TABLE ONLY public.django_content_type
    ADD CONSTRAINT django_content_type_pkey PRIMARY KEY (id);


--
-- Name: django_migrations django_migrations_pkey; Type: CONSTRAINT; Schema: public; Owner: library_user
--

ALTER TABLE ONLY public.django_migrations
    ADD CONSTRAINT django_migrations_pkey PRIMARY KEY (id);


--
-- Name: django_session django_session_pkey; Type: CONSTRAINT; Schema: public; Owner: library_user
--

ALTER TABLE ONLY public.django_session
    ADD CONSTRAINT django_session_pkey PRIMARY KEY (session_key);


--
-- Name: library_author library_author_pkey; Type: CONSTRAINT; Schema: public; Owner: library_user
--

ALTER TABLE ONLY public.library_author
    ADD CONSTRAINT library_author_pkey PRIMARY KEY (id);


--
-- Name: library_book library_book_pkey; Type: CONSTRAINT; Schema: public; Owner: library_user
--

ALTER TABLE ONLY public.library_book
    ADD CONSTRAINT library_book_pkey PRIMARY KEY (id);


--
-- Name: library_genre library_genre_pkey; Type: CONSTRAINT; Schema: public; Owner: library_user
--

ALTER TABLE ONLY public.library_genre
    ADD CONSTRAINT library_genre_pkey PRIMARY KEY (id);


--
-- Name: library_review library_review_book_id_user_id_db5954cd_uniq; Type: CONSTRAINT; Schema: public; Owner: library_user
--

ALTER TABLE ONLY public.library_review
    ADD CONSTRAINT library_review_book_id_user_id_db5954cd_uniq UNIQUE (book_id, user_id);


--
-- Name: library_review library_review_pkey; Type: CONSTRAINT; Schema: public; Owner: library_user
--

ALTER TABLE ONLY public.library_review
    ADD CONSTRAINT library_review_pkey PRIMARY KEY (id);


--
-- Name: library_sitesetting library_sitesetting_key_key; Type: CONSTRAINT; Schema: public; Owner: library_user
--

ALTER TABLE ONLY public.library_sitesetting
    ADD CONSTRAINT library_sitesetting_key_key UNIQUE (key);


--
-- Name: library_sitesetting library_sitesetting_pkey; Type: CONSTRAINT; Schema: public; Owner: library_user
--

ALTER TABLE ONLY public.library_sitesetting
    ADD CONSTRAINT library_sitesetting_pkey PRIMARY KEY (id);


--
-- Name: auth_group_name_a6ea08ec_like; Type: INDEX; Schema: public; Owner: library_user
--

CREATE INDEX auth_group_name_a6ea08ec_like ON public.auth_group USING btree (name varchar_pattern_ops);


--
-- Name: auth_group_permissions_group_id_b120cbf9; Type: INDEX; Schema: public; Owner: library_user
--

CREATE INDEX auth_group_permissions_group_id_b120cbf9 ON public.auth_group_permissions USING btree (group_id);


--
-- Name: auth_group_permissions_permission_id_84c5c92e; Type: INDEX; Schema: public; Owner: library_user
--

CREATE INDEX auth_group_permissions_permission_id_84c5c92e ON public.auth_group_permissions USING btree (permission_id);


--
-- Name: auth_permission_content_type_id_2f476e4b; Type: INDEX; Schema: public; Owner: library_user
--

CREATE INDEX auth_permission_content_type_id_2f476e4b ON public.auth_permission USING btree (content_type_id);


--
-- Name: auth_user_groups_group_id_97559544; Type: INDEX; Schema: public; Owner: library_user
--

CREATE INDEX auth_user_groups_group_id_97559544 ON public.auth_user_groups USING btree (group_id);


--
-- Name: auth_user_groups_user_id_6a12ed8b; Type: INDEX; Schema: public; Owner: library_user
--

CREATE INDEX auth_user_groups_user_id_6a12ed8b ON public.auth_user_groups USING btree (user_id);


--
-- Name: auth_user_user_permissions_permission_id_1fbb5f2c; Type: INDEX; Schema: public; Owner: library_user
--

CREATE INDEX auth_user_user_permissions_permission_id_1fbb5f2c ON public.auth_user_user_permissions USING btree (permission_id);


--
-- Name: auth_user_user_permissions_user_id_a95ead1b; Type: INDEX; Schema: public; Owner: library_user
--

CREATE INDEX auth_user_user_permissions_user_id_a95ead1b ON public.auth_user_user_permissions USING btree (user_id);


--
-- Name: auth_user_username_6821ab7c_like; Type: INDEX; Schema: public; Owner: library_user
--

CREATE INDEX auth_user_username_6821ab7c_like ON public.auth_user USING btree (username varchar_pattern_ops);


--
-- Name: django_admin_log_content_type_id_c4bce8eb; Type: INDEX; Schema: public; Owner: library_user
--

CREATE INDEX django_admin_log_content_type_id_c4bce8eb ON public.django_admin_log USING btree (content_type_id);


--
-- Name: django_admin_log_user_id_c564eba6; Type: INDEX; Schema: public; Owner: library_user
--

CREATE INDEX django_admin_log_user_id_c564eba6 ON public.django_admin_log USING btree (user_id);


--
-- Name: django_session_expire_date_a5c62663; Type: INDEX; Schema: public; Owner: library_user
--

CREATE INDEX django_session_expire_date_a5c62663 ON public.django_session USING btree (expire_date);


--
-- Name: django_session_session_key_c0390e0f_like; Type: INDEX; Schema: public; Owner: library_user
--

CREATE INDEX django_session_session_key_c0390e0f_like ON public.django_session USING btree (session_key varchar_pattern_ops);


--
-- Name: library_book_author_id_d9a3b67e; Type: INDEX; Schema: public; Owner: library_user
--

CREATE INDEX library_book_author_id_d9a3b67e ON public.library_book USING btree (author_id);


--
-- Name: library_book_genre_id_8cc85e73; Type: INDEX; Schema: public; Owner: library_user
--

CREATE INDEX library_book_genre_id_8cc85e73 ON public.library_book USING btree (genre_id);


--
-- Name: library_review_book_id_3ba0bb54; Type: INDEX; Schema: public; Owner: library_user
--

CREATE INDEX library_review_book_id_3ba0bb54 ON public.library_review USING btree (book_id);


--
-- Name: library_review_user_id_807ae559; Type: INDEX; Schema: public; Owner: library_user
--

CREATE INDEX library_review_user_id_807ae559 ON public.library_review USING btree (user_id);


--
-- Name: library_sitesetting_key_5a452774_like; Type: INDEX; Schema: public; Owner: library_user
--

CREATE INDEX library_sitesetting_key_5a452774_like ON public.library_sitesetting USING btree (key varchar_pattern_ops);


--
-- Name: auth_group_permissions auth_group_permissio_permission_id_84c5c92e_fk_auth_perm; Type: FK CONSTRAINT; Schema: public; Owner: library_user
--

ALTER TABLE ONLY public.auth_group_permissions
    ADD CONSTRAINT auth_group_permissio_permission_id_84c5c92e_fk_auth_perm FOREIGN KEY (permission_id) REFERENCES public.auth_permission(id) DEFERRABLE INITIALLY DEFERRED;


--
-- Name: auth_group_permissions auth_group_permissions_group_id_b120cbf9_fk_auth_group_id; Type: FK CONSTRAINT; Schema: public; Owner: library_user
--

ALTER TABLE ONLY public.auth_group_permissions
    ADD CONSTRAINT auth_group_permissions_group_id_b120cbf9_fk_auth_group_id FOREIGN KEY (group_id) REFERENCES public.auth_group(id) DEFERRABLE INITIALLY DEFERRED;


--
-- Name: auth_permission auth_permission_content_type_id_2f476e4b_fk_django_co; Type: FK CONSTRAINT; Schema: public; Owner: library_user
--

ALTER TABLE ONLY public.auth_permission
    ADD CONSTRAINT auth_permission_content_type_id_2f476e4b_fk_django_co FOREIGN KEY (content_type_id) REFERENCES public.django_content_type(id) DEFERRABLE INITIALLY DEFERRED;


--
-- Name: auth_user_groups auth_user_groups_group_id_97559544_fk_auth_group_id; Type: FK CONSTRAINT; Schema: public; Owner: library_user
--

ALTER TABLE ONLY public.auth_user_groups
    ADD CONSTRAINT auth_user_groups_group_id_97559544_fk_auth_group_id FOREIGN KEY (group_id) REFERENCES public.auth_group(id) DEFERRABLE INITIALLY DEFERRED;


--
-- Name: auth_user_groups auth_user_groups_user_id_6a12ed8b_fk_auth_user_id; Type: FK CONSTRAINT; Schema: public; Owner: library_user
--

ALTER TABLE ONLY public.auth_user_groups
    ADD CONSTRAINT auth_user_groups_user_id_6a12ed8b_fk_auth_user_id FOREIGN KEY (user_id) REFERENCES public.auth_user(id) DEFERRABLE INITIALLY DEFERRED;


--
-- Name: auth_user_user_permissions auth_user_user_permi_permission_id_1fbb5f2c_fk_auth_perm; Type: FK CONSTRAINT; Schema: public; Owner: library_user
--

ALTER TABLE ONLY public.auth_user_user_permissions
    ADD CONSTRAINT auth_user_user_permi_permission_id_1fbb5f2c_fk_auth_perm FOREIGN KEY (permission_id) REFERENCES public.auth_permission(id) DEFERRABLE INITIALLY DEFERRED;


--
-- Name: auth_user_user_permissions auth_user_user_permissions_user_id_a95ead1b_fk_auth_user_id; Type: FK CONSTRAINT; Schema: public; Owner: library_user
--

ALTER TABLE ONLY public.auth_user_user_permissions
    ADD CONSTRAINT auth_user_user_permissions_user_id_a95ead1b_fk_auth_user_id FOREIGN KEY (user_id) REFERENCES public.auth_user(id) DEFERRABLE INITIALLY DEFERRED;


--
-- Name: django_admin_log django_admin_log_content_type_id_c4bce8eb_fk_django_co; Type: FK CONSTRAINT; Schema: public; Owner: library_user
--

ALTER TABLE ONLY public.django_admin_log
    ADD CONSTRAINT django_admin_log_content_type_id_c4bce8eb_fk_django_co FOREIGN KEY (content_type_id) REFERENCES public.django_content_type(id) DEFERRABLE INITIALLY DEFERRED;


--
-- Name: django_admin_log django_admin_log_user_id_c564eba6_fk_auth_user_id; Type: FK CONSTRAINT; Schema: public; Owner: library_user
--

ALTER TABLE ONLY public.django_admin_log
    ADD CONSTRAINT django_admin_log_user_id_c564eba6_fk_auth_user_id FOREIGN KEY (user_id) REFERENCES public.auth_user(id) DEFERRABLE INITIALLY DEFERRED;


--
-- Name: library_book library_book_author_id_d9a3b67e_fk_library_author_id; Type: FK CONSTRAINT; Schema: public; Owner: library_user
--

ALTER TABLE ONLY public.library_book
    ADD CONSTRAINT library_book_author_id_d9a3b67e_fk_library_author_id FOREIGN KEY (author_id) REFERENCES public.library_author(id) DEFERRABLE INITIALLY DEFERRED;


--
-- Name: library_book library_book_genre_id_8cc85e73_fk_library_genre_id; Type: FK CONSTRAINT; Schema: public; Owner: library_user
--

ALTER TABLE ONLY public.library_book
    ADD CONSTRAINT library_book_genre_id_8cc85e73_fk_library_genre_id FOREIGN KEY (genre_id) REFERENCES public.library_genre(id) DEFERRABLE INITIALLY DEFERRED;


--
-- Name: library_review library_review_book_id_3ba0bb54_fk_library_book_id; Type: FK CONSTRAINT; Schema: public; Owner: library_user
--

ALTER TABLE ONLY public.library_review
    ADD CONSTRAINT library_review_book_id_3ba0bb54_fk_library_book_id FOREIGN KEY (book_id) REFERENCES public.library_book(id) DEFERRABLE INITIALLY DEFERRED;


--
-- Name: library_review library_review_user_id_807ae559_fk_auth_user_id; Type: FK CONSTRAINT; Schema: public; Owner: library_user
--

ALTER TABLE ONLY public.library_review
    ADD CONSTRAINT library_review_user_id_807ae559_fk_auth_user_id FOREIGN KEY (user_id) REFERENCES public.auth_user(id) DEFERRABLE INITIALLY DEFERRED;


--
-- PostgreSQL database dump complete
--

\unrestrict ve1O93A5fLNky5eBrMtgVFCE4bNbGrj7QJL4fwN2iGK5LUjqqXRM8HphBFuXriY

